DataLabel;TimeRef;TimeRef1;TimeRef2;AgeStart;Sex;expos
prewar;2023-04-01;2022-10-01;2023-10-01;0;Both;69413.25
prewar;2023-04-01;2022-10-01;2023-10-01;1;Both;266411.375
prewar;2023-04-01;2022-10-01;2023-10-01;5;Both;282982
prewar;2023-04-01;2022-10-01;2023-10-01;10;Both;275623.75
prewar;2023-04-01;2022-10-01;2023-10-01;15;Both;233578
prewar;2023-04-01;2022-10-01;2023-10-01;20;Both;191311.5
prewar;2023-04-01;2022-10-01;2023-10-01;25;Both;191739.375
prewar;2023-04-01;2022-10-01;2023-10-01;30;Both;171601
prewar;2023-04-01;2022-10-01;2023-10-01;35;Both;126667.625
prewar;2023-04-01;2022-10-01;2023-10-01;40;Both;98254.625
prewar;2023-04-01;2022-10-01;2023-10-01;45;Both;81702.875
prewar;2023-04-01;2022-10-01;2023-10-01;50;Both;61645.375
prewar;2023-04-01;2022-10-01;2023-10-01;55;Both;55542.625
prewar;2023-04-01;2022-10-01;2023-10-01;60;Both;39813.25
prewar;2023-04-01;2022-10-01;2023-10-01;65;Both;27119.875
prewar;2023-04-01;2022-10-01;2023-10-01;70;Both;19258.25
prewar;2023-04-01;2022-10-01;2023-10-01;75;Both;10447.375
prewar;2023-04-01;2022-10-01;2023-10-01;80;Both;8455.5
prewar;2023-04-01;2022-10-01;2023-10-01;0;Females;34056.25
prewar;2023-04-01;2022-10-01;2023-10-01;1;Females;130801.75
prewar;2023-04-01;2022-10-01;2023-10-01;5;Females;138411.125
prewar;2023-04-01;2022-10-01;2023-10-01;10;Females;134753.75
prewar;2023-04-01;2022-10-01;2023-10-01;15;Females;114219.25
prewar;2023-04-01;2022-10-01;2023-10-01;20;Females;93570
prewar;2023-04-01;2022-10-01;2023-10-01;25;Females;94626.625
prewar;2023-04-01;2022-10-01;2023-10-01;30;Females;85043.125
prewar;2023-04-01;2022-10-01;2023-10-01;35;Females;63462.875
prewar;2023-04-01;2022-10-01;2023-10-01;40;Females;49542.5
prewar;2023-04-01;2022-10-01;2023-10-01;45;Females;40777.125
prewar;2023-04-01;2022-10-01;2023-10-01;50;Females;30601.125
prewar;2023-04-01;2022-10-01;2023-10-01;55;Females;26945.5
prewar;2023-04-01;2022-10-01;2023-10-01;60;Females;19582.125
prewar;2023-04-01;2022-10-01;2023-10-01;65;Females;13935.25
prewar;2023-04-01;2022-10-01;2023-10-01;70;Females;10067.125
prewar;2023-04-01;2022-10-01;2023-10-01;75;Females;5612.25
prewar;2023-04-01;2022-10-01;2023-10-01;80;Females;5182.125
prewar;2023-04-01;2022-10-01;2023-10-01;0;Males;35357
prewar;2023-04-01;2022-10-01;2023-10-01;1;Males;135609.625
prewar;2023-04-01;2022-10-01;2023-10-01;5;Males;144570.875
prewar;2023-04-01;2022-10-01;2023-10-01;10;Males;140870
prewar;2023-04-01;2022-10-01;2023-10-01;15;Males;119358.75
prewar;2023-04-01;2022-10-01;2023-10-01;20;Males;97741.5
prewar;2023-04-01;2022-10-01;2023-10-01;25;Males;97112.75
prewar;2023-04-01;2022-10-01;2023-10-01;30;Males;86557.875
prewar;2023-04-01;2022-10-01;2023-10-01;35;Males;63204.75
prewar;2023-04-01;2022-10-01;2023-10-01;40;Males;48712.125
prewar;2023-04-01;2022-10-01;2023-10-01;45;Males;40925.75
prewar;2023-04-01;2022-10-01;2023-10-01;50;Males;31044.25
prewar;2023-04-01;2022-10-01;2023-10-01;55;Males;28597.125
prewar;2023-04-01;2022-10-01;2023-10-01;60;Males;20231.125
prewar;2023-04-01;2022-10-01;2023-10-01;65;Males;13184.625
prewar;2023-04-01;2022-10-01;2023-10-01;70;Males;9191.125
prewar;2023-04-01;2022-10-01;2023-10-01;75;Males;4835.125
prewar;2023-04-01;2022-10-01;2023-10-01;80;Males;3273.375
Scenario 1: 34,344 casualties;2024-04-01;2023-10-01;2024-10-01;0;Both;69992.75
Scenario 1: 34,344 casualties;2024-04-01;2023-10-01;2024-10-01;1;Both;269056.125
Scenario 1: 34,344 casualties;2024-04-01;2023-10-01;2024-10-01;5;Both;289139.75
Scenario 1: 34,344 casualties;2024-04-01;2023-10-01;2024-10-01;10;Both;277764.625
Scenario 1: 34,344 casualties;2024-04-01;2023-10-01;2024-10-01;15;Both;241316.625
Scenario 1: 34,344 casualties;2024-04-01;2023-10-01;2024-10-01;20;Both;195005.375
Scenario 1: 34,344 casualties;2024-04-01;2023-10-01;2024-10-01;25;Both;188351.125
Scenario 1: 34,344 casualties;2024-04-01;2023-10-01;2024-10-01;30;Both;176384.375
Scenario 1: 34,344 casualties;2024-04-01;2023-10-01;2024-10-01;35;Both;134019.25
Scenario 1: 34,344 casualties;2024-04-01;2023-10-01;2024-10-01;40;Both;101038.5
Scenario 1: 34,344 casualties;2024-04-01;2023-10-01;2024-10-01;45;Both;83910.625
Scenario 1: 34,344 casualties;2024-04-01;2023-10-01;2024-10-01;50;Both;64212.125
Scenario 1: 34,344 casualties;2024-04-01;2023-10-01;2024-10-01;55;Both;55411.375
Scenario 1: 34,344 casualties;2024-04-01;2023-10-01;2024-10-01;60;Both;42410.625
Scenario 1: 34,344 casualties;2024-04-01;2023-10-01;2024-10-01;65;Both;27974
Scenario 1: 34,344 casualties;2024-04-01;2023-10-01;2024-10-01;70;Both;19663.125
Scenario 1: 34,344 casualties;2024-04-01;2023-10-01;2024-10-01;75;Both;11173.625
Scenario 1: 34,344 casualties;2024-04-01;2023-10-01;2024-10-01;80;Both;8399.625
Scenario 1: 34,344 casualties;2024-04-01;2023-10-01;2024-10-01;0;Females;34338.5
Scenario 1: 34,344 casualties;2024-04-01;2023-10-01;2024-10-01;1;Females;132123.75
Scenario 1: 34,344 casualties;2024-04-01;2023-10-01;2024-10-01;5;Females;141636.25
Scenario 1: 34,344 casualties;2024-04-01;2023-10-01;2024-10-01;10;Females;135954.25
Scenario 1: 34,344 casualties;2024-04-01;2023-10-01;2024-10-01;15;Females;118293.125
Scenario 1: 34,344 casualties;2024-04-01;2023-10-01;2024-10-01;20;Females;95637.25
Scenario 1: 34,344 casualties;2024-04-01;2023-10-01;2024-10-01;25;Females;93157.75
Scenario 1: 34,344 casualties;2024-04-01;2023-10-01;2024-10-01;30;Females;87752.5
Scenario 1: 34,344 casualties;2024-04-01;2023-10-01;2024-10-01;35;Females;67261.375
Scenario 1: 34,344 casualties;2024-04-01;2023-10-01;2024-10-01;40;Females;51157.375
Scenario 1: 34,344 casualties;2024-04-01;2023-10-01;2024-10-01;45;Females;42107.375
Scenario 1: 34,344 casualties;2024-04-01;2023-10-01;2024-10-01;50;Females;32029.75
Scenario 1: 34,344 casualties;2024-04-01;2023-10-01;2024-10-01;55;Females;27091.125
Scenario 1: 34,344 casualties;2024-04-01;2023-10-01;2024-10-01;60;Females;20836.75
Scenario 1: 34,344 casualties;2024-04-01;2023-10-01;2024-10-01;65;Females;14358.125
Scenario 1: 34,344 casualties;2024-04-01;2023-10-01;2024-10-01;70;Females;10363.75
Scenario 1: 34,344 casualties;2024-04-01;2023-10-01;2024-10-01;75;Females;6003
Scenario 1: 34,344 casualties;2024-04-01;2023-10-01;2024-10-01;80;Females;5088.375
Scenario 1: 34,344 casualties;2024-04-01;2023-10-01;2024-10-01;0;Males;35654.25
Scenario 1: 34,344 casualties;2024-04-01;2023-10-01;2024-10-01;1;Males;136932.375
Scenario 1: 34,344 casualties;2024-04-01;2023-10-01;2024-10-01;5;Males;147503.5
Scenario 1: 34,344 casualties;2024-04-01;2023-10-01;2024-10-01;10;Males;141810.375
Scenario 1: 34,344 casualties;2024-04-01;2023-10-01;2024-10-01;15;Males;123023.5
Scenario 1: 34,344 casualties;2024-04-01;2023-10-01;2024-10-01;20;Males;99368.125
Scenario 1: 34,344 casualties;2024-04-01;2023-10-01;2024-10-01;25;Males;95193.375
Scenario 1: 34,344 casualties;2024-04-01;2023-10-01;2024-10-01;30;Males;88631.875
Scenario 1: 34,344 casualties;2024-04-01;2023-10-01;2024-10-01;35;Males;66757.875
Scenario 1: 34,344 casualties;2024-04-01;2023-10-01;2024-10-01;40;Males;49881.125
Scenario 1: 34,344 casualties;2024-04-01;2023-10-01;2024-10-01;45;Males;41803.25
Scenario 1: 34,344 casualties;2024-04-01;2023-10-01;2024-10-01;50;Males;32182.375
Scenario 1: 34,344 casualties;2024-04-01;2023-10-01;2024-10-01;55;Males;28320.25
Scenario 1: 34,344 casualties;2024-04-01;2023-10-01;2024-10-01;60;Males;21573.875
Scenario 1: 34,344 casualties;2024-04-01;2023-10-01;2024-10-01;65;Males;13615.875
Scenario 1: 34,344 casualties;2024-04-01;2023-10-01;2024-10-01;70;Males;9299.375
Scenario 1: 34,344 casualties;2024-04-01;2023-10-01;2024-10-01;75;Males;5170.625
Scenario 1: 34,344 casualties;2024-04-01;2023-10-01;2024-10-01;80;Males;3311.25
Scenario 2: 41,615 casualties;2024-04-01;2023-10-01;2024-10-01;0;Both;69917.5926217098
Scenario 2: 41,615 casualties;2024-04-01;2023-10-01;2024-10-01;1;Both;268803.236300373
Scenario 2: 41,615 casualties;2024-04-01;2023-10-01;2024-10-01;5;Both;288827.899807827
Scenario 2: 41,615 casualties;2024-04-01;2023-10-01;2024-10-01;10;Both;277427.157785931
Scenario 2: 41,615 casualties;2024-04-01;2023-10-01;2024-10-01;15;Both;240954.599318658
Scenario 2: 41,615 casualties;2024-04-01;2023-10-01;2024-10-01;20;Both;194644.407873282
Scenario 2: 41,615 casualties;2024-04-01;2023-10-01;2024-10-01;25;Both;187978.302061495
Scenario 2: 41,615 casualties;2024-04-01;2023-10-01;2024-10-01;30;Both;175994.297621127
Scenario 2: 41,615 casualties;2024-04-01;2023-10-01;2024-10-01;35;Both;133740.00329024
Scenario 2: 41,615 casualties;2024-04-01;2023-10-01;2024-10-01;40;Both;100843.090816445
Scenario 2: 41,615 casualties;2024-04-01;2023-10-01;2024-10-01;45;Both;83760.9453761938
Scenario 2: 41,615 casualties;2024-04-01;2023-10-01;2024-10-01;50;Both;64086.0511443047
Scenario 2: 41,615 casualties;2024-04-01;2023-10-01;2024-10-01;55;Both;55302.343873748
Scenario 2: 41,615 casualties;2024-04-01;2023-10-01;2024-10-01;60;Both;42309.4271779641
Scenario 2: 41,615 casualties;2024-04-01;2023-10-01;2024-10-01;65;Both;27893.9732704403
Scenario 2: 41,615 casualties;2024-04-01;2023-10-01;2024-10-01;70;Both;19605.7513393897
Scenario 2: 41,615 casualties;2024-04-01;2023-10-01;2024-10-01;75;Both;11137.5282873282
Scenario 2: 41,615 casualties;2024-04-01;2023-10-01;2024-10-01;80;Both;8361.51703354298
Scenario 2: 41,615 casualties;2024-04-01;2023-10-01;2024-10-01;0;Females;34301.3447327044
Scenario 2: 41,615 casualties;2024-04-01;2023-10-01;2024-10-01;1;Females;132005.191882134
Scenario 2: 41,615 casualties;2024-04-01;2023-10-01;2024-10-01;5;Females;141489.216762753
Scenario 2: 41,615 casualties;2024-04-01;2023-10-01;2024-10-01;10;Females;135811.662692173
Scenario 2: 41,615 casualties;2024-04-01;2023-10-01;2024-10-01;15;Females;118169.697530864
Scenario 2: 41,615 casualties;2024-04-01;2023-10-01;2024-10-01;20;Females;95516.3630619613
Scenario 2: 41,615 casualties;2024-04-01;2023-10-01;2024-10-01;25;Females;93047.5544636618
Scenario 2: 41,615 casualties;2024-04-01;2023-10-01;2024-10-01;30;Females;87640.1873544142
Scenario 2: 41,615 casualties;2024-04-01;2023-10-01;2024-10-01;35;Females;67182.4068250641
Scenario 2: 41,615 casualties;2024-04-01;2023-10-01;2024-10-01;40;Females;51099.6837730026
Scenario 2: 41,615 casualties;2024-04-01;2023-10-01;2024-10-01;45;Females;42053.8121360354
Scenario 2: 41,615 casualties;2024-04-01;2023-10-01;2024-10-01;50;Females;31984.4438621011
Scenario 2: 41,615 casualties;2024-04-01;2023-10-01;2024-10-01;55;Females;27049.7355142092
Scenario 2: 41,615 casualties;2024-04-01;2023-10-01;2024-10-01;60;Females;20800.1240100163
Scenario 2: 41,615 casualties;2024-04-01;2023-10-01;2024-10-01;65;Females;14328.9088923829
Scenario 2: 41,615 casualties;2024-04-01;2023-10-01;2024-10-01;70;Females;10344.0608839972
Scenario 2: 41,615 casualties;2024-04-01;2023-10-01;2024-10-01;75;Females;5989.3446453529
Scenario 2: 41,615 casualties;2024-04-01;2023-10-01;2024-10-01;80;Females;5067.20390752388
Scenario 2: 41,615 casualties;2024-04-01;2023-10-01;2024-10-01;0;Males;35616.2478890054
Scenario 2: 41,615 casualties;2024-04-01;2023-10-01;2024-10-01;1;Males;136798.044418239
Scenario 2: 41,615 casualties;2024-04-01;2023-10-01;2024-10-01;5;Males;147338.683045073
Scenario 2: 41,615 casualties;2024-04-01;2023-10-01;2024-10-01;10;Males;141615.495093757
Scenario 2: 41,615 casualties;2024-04-01;2023-10-01;2024-10-01;15;Males;122784.901787794
Scenario 2: 41,615 casualties;2024-04-01;2023-10-01;2024-10-01;20;Males;99128.0448113208
Scenario 2: 41,615 casualties;2024-04-01;2023-10-01;2024-10-01;25;Males;94930.7475978337
Scenario 2: 41,615 casualties;2024-04-01;2023-10-01;2024-10-01;30;Males;88354.1102667133
Scenario 2: 41,615 casualties;2024-04-01;2023-10-01;2024-10-01;35;Males;66557.5964651759
Scenario 2: 41,615 casualties;2024-04-01;2023-10-01;2024-10-01;40;Males;49743.4070434428
Scenario 2: 41,615 casualties;2024-04-01;2023-10-01;2024-10-01;45;Males;41707.1332401584
Scenario 2: 41,615 casualties;2024-04-01;2023-10-01;2024-10-01;50;Males;32101.6072822036
Scenario 2: 41,615 casualties;2024-04-01;2023-10-01;2024-10-01;55;Males;28252.6083595388
Scenario 2: 41,615 casualties;2024-04-01;2023-10-01;2024-10-01;60;Males;21509.3031679478
Scenario 2: 41,615 casualties;2024-04-01;2023-10-01;2024-10-01;65;Males;13565.0643780573
Scenario 2: 41,615 casualties;2024-04-01;2023-10-01;2024-10-01;70;Males;9261.6904553925
Scenario 2: 41,615 casualties;2024-04-01;2023-10-01;2024-10-01;75;Males;5148.18364197531
Scenario 2: 41,615 casualties;2024-04-01;2023-10-01;2024-10-01;80;Males;3294.3131260191
Scenario 3: 51,615 casualties;2024-04-01;2023-10-01;2024-10-01;0;Both;69814.2266771489
Scenario 3: 51,615 casualties;2024-04-01;2023-10-01;2024-10-01;1;Both;268455.431734801
Scenario 3: 51,615 casualties;2024-04-01;2023-10-01;2024-10-01;5;Both;288399.003930818
Scenario 3: 51,615 casualties;2024-04-01;2023-10-01;2024-10-01;10;Both;276963.030136268
Scenario 3: 51,615 casualties;2024-04-01;2023-10-01;2024-10-01;15;Both;240456.695754717
Scenario 3: 51,615 casualties;2024-04-01;2023-10-01;2024-10-01;20;Both;194147.960167715
Scenario 3: 51,615 casualties;2024-04-01;2023-10-01;2024-10-01;25;Both;187465.548742138
Scenario 3: 51,615 casualties;2024-04-01;2023-10-01;2024-10-01;30;Both;175457.813810273
Scenario 3: 51,615 casualties;2024-04-01;2023-10-01;2024-10-01;35;Both;133355.947851153
Scenario 3: 51,615 casualties;2024-04-01;2023-10-01;2024-10-01;40;Both;100574.339360587
Scenario 3: 51,615 casualties;2024-04-01;2023-10-01;2024-10-01;45;Both;83555.0870020964
Scenario 3: 51,615 casualties;2024-04-01;2023-10-01;2024-10-01;50;Both;63912.6584119497
Scenario 3: 51,615 casualties;2024-04-01;2023-10-01;2024-10-01;55;Both;55152.3904612159
Scenario 3: 51,615 casualties;2024-04-01;2023-10-01;2024-10-01;60;Both;42170.2471174004
Scenario 3: 51,615 casualties;2024-04-01;2023-10-01;2024-10-01;65;Both;27783.9103773585
Scenario 3: 51,615 casualties;2024-04-01;2023-10-01;2024-10-01;70;Both;19526.8438155136
Scenario 3: 51,615 casualties;2024-04-01;2023-10-01;2024-10-01;75;Both;11087.8835167715
Scenario 3: 51,615 casualties;2024-04-01;2023-10-01;2024-10-01;80;Both;8309.10613207547
Scenario 3: 51,615 casualties;2024-04-01;2023-10-01;2024-10-01;0;Females;34250.2441037736
Scenario 3: 51,615 casualties;2024-04-01;2023-10-01;2024-10-01;1;Females;131842.135744235
Scenario 3: 51,615 casualties;2024-04-01;2023-10-01;2024-10-01;5;Females;141286.998034591
Scenario 3: 51,615 casualties;2024-04-01;2023-10-01;2024-10-01;10;Females;135615.558569182
Scenario 3: 51,615 casualties;2024-04-01;2023-10-01;2024-10-01;15;Females;117999.944444444
Scenario 3: 51,615 casualties;2024-04-01;2023-10-01;2024-10-01;20;Females;95350.1040356394
Scenario 3: 51,615 casualties;2024-04-01;2023-10-01;2024-10-01;25;Females;92895.9996069182
Scenario 3: 51,615 casualties;2024-04-01;2023-10-01;2024-10-01;30;Females;87485.7207809224
Scenario 3: 51,615 casualties;2024-04-01;2023-10-01;2024-10-01;35;Females;67073.7997903564
Scenario 3: 51,615 casualties;2024-04-01;2023-10-01;2024-10-01;40;Females;51020.3394916143
Scenario 3: 51,615 casualties;2024-04-01;2023-10-01;2024-10-01;45;Females;41980.1457023061
Scenario 3: 51,615 casualties;2024-04-01;2023-10-01;2024-10-01;50;Females;31922.1331236897
Scenario 3: 51,615 casualties;2024-04-01;2023-10-01;2024-10-01;55;Females;26992.811451782
Scenario 3: 51,615 casualties;2024-04-01;2023-10-01;2024-10-01;60;Females;20749.7513102725
Scenario 3: 51,615 casualties;2024-04-01;2023-10-01;2024-10-01;65;Females;14288.7272012579
Scenario 3: 51,615 casualties;2024-04-01;2023-10-01;2024-10-01;70;Females;10316.981918239
Scenario 3: 51,615 casualties;2024-04-01;2023-10-01;2024-10-01;75;Females;5970.56407232704
Scenario 3: 51,615 casualties;2024-04-01;2023-10-01;2024-10-01;80;Females;5038.08674004193
Scenario 3: 51,615 casualties;2024-04-01;2023-10-01;2024-10-01;0;Males;35563.9825733753
Scenario 3: 51,615 casualties;2024-04-01;2023-10-01;2024-10-01;1;Males;136613.295990566
Scenario 3: 51,615 casualties;2024-04-01;2023-10-01;2024-10-01;5;Males;147112.005896226
Scenario 3: 51,615 casualties;2024-04-01;2023-10-01;2024-10-01;10;Males;141347.471567086
Scenario 3: 51,615 casualties;2024-04-01;2023-10-01;2024-10-01;15;Males;122456.751310273
Scenario 3: 51,615 casualties;2024-04-01;2023-10-01;2024-10-01;20;Males;98797.8561320755
Scenario 3: 51,615 casualties;2024-04-01;2023-10-01;2024-10-01;25;Males;94569.5491352201
Scenario 3: 51,615 casualties;2024-04-01;2023-10-01;2024-10-01;30;Males;87972.0930293501
Scenario 3: 51,615 casualties;2024-04-01;2023-10-01;2024-10-01;35;Males;66282.1480607966
Scenario 3: 51,615 casualties;2024-04-01;2023-10-01;2024-10-01;40;Males;49553.9998689728
Scenario 3: 51,615 casualties;2024-04-01;2023-10-01;2024-10-01;45;Males;41574.9412997904
Scenario 3: 51,615 casualties;2024-04-01;2023-10-01;2024-10-01;50;Males;31990.52528826
Scenario 3: 51,615 casualties;2024-04-01;2023-10-01;2024-10-01;55;Males;28159.579009434
Scenario 3: 51,615 casualties;2024-04-01;2023-10-01;2024-10-01;60;Males;21420.4958071279
Scenario 3: 51,615 casualties;2024-04-01;2023-10-01;2024-10-01;65;Males;13495.1831761006
Scenario 3: 51,615 casualties;2024-04-01;2023-10-01;2024-10-01;70;Males;9209.86189727463
Scenario 3: 51,615 casualties;2024-04-01;2023-10-01;2024-10-01;75;Males;5117.31944444444
Scenario 3: 51,615 casualties;2024-04-01;2023-10-01;2024-10-01;80;Males;3271.01939203354
midyear estimates;2017-07-01;2017-01-01;2018-01-01;0;Both;53584
midyear estimates;2017-07-01;2017-01-01;2018-01-01;1;Both;227226
midyear estimates;2017-07-01;2017-01-01;2018-01-01;5;Both;274232
midyear estimates;2017-07-01;2017-01-01;2018-01-01;10;Both;228585
midyear estimates;2017-07-01;2017-01-01;2018-01-01;15;Both;190417
midyear estimates;2017-07-01;2017-01-01;2018-01-01;20;Both;194454
midyear estimates;2017-07-01;2017-01-01;2018-01-01;25;Both;168056
midyear estimates;2017-07-01;2017-01-01;2018-01-01;30;Both;122102
midyear estimates;2017-07-01;2017-01-01;2018-01-01;35;Both;97077
midyear estimates;2017-07-01;2017-01-01;2018-01-01;40;Both;80982
midyear estimates;2017-07-01;2017-01-01;2018-01-01;45;Both;61454
midyear estimates;2017-07-01;2017-01-01;2018-01-01;50;Both;57348
midyear estimates;2017-07-01;2017-01-01;2018-01-01;55;Both;40238
midyear estimates;2017-07-01;2017-01-01;2018-01-01;60;Both;29190
midyear estimates;2017-07-01;2017-01-01;2018-01-01;65;Both;22244
midyear estimates;2017-07-01;2017-01-01;2018-01-01;70;Both;13060
midyear estimates;2017-07-01;2017-01-01;2018-01-01;75;Both;7347
midyear estimates;2017-07-01;2017-01-01;2018-01-01;80;Both;9070
midyear estimates;2017-07-01;2017-01-01;2018-01-01;0;Males;27480
midyear estimates;2017-07-01;2017-01-01;2018-01-01;1;Males;116350
midyear estimates;2017-07-01;2017-01-01;2018-01-01;5;Males;140403
midyear estimates;2017-07-01;2017-01-01;2018-01-01;10;Males;117044
midyear estimates;2017-07-01;2017-01-01;2018-01-01;15;Males;97473
midyear estimates;2017-07-01;2017-01-01;2018-01-01;20;Males;98581
midyear estimates;2017-07-01;2017-01-01;2018-01-01;25;Males;84849
midyear estimates;2017-07-01;2017-01-01;2018-01-01;30;Males;60900
midyear estimates;2017-07-01;2017-01-01;2018-01-01;35;Males;48235
midyear estimates;2017-07-01;2017-01-01;2018-01-01;40;Males;40738
midyear estimates;2017-07-01;2017-01-01;2018-01-01;45;Males;31138
midyear estimates;2017-07-01;2017-01-01;2018-01-01;50;Males;29817
midyear estimates;2017-07-01;2017-01-01;2018-01-01;55;Males;20608
midyear estimates;2017-07-01;2017-01-01;2018-01-01;60;Males;14387
midyear estimates;2017-07-01;2017-01-01;2018-01-01;65;Males;10891
midyear estimates;2017-07-01;2017-01-01;2018-01-01;70;Males;6183
midyear estimates;2017-07-01;2017-01-01;2018-01-01;75;Males;2910
midyear estimates;2017-07-01;2017-01-01;2018-01-01;80;Males;3432
midyear estimates;2017-07-01;2017-01-01;2018-01-01;0;Females;26104
midyear estimates;2017-07-01;2017-01-01;2018-01-01;1;Females;110876
midyear estimates;2017-07-01;2017-01-01;2018-01-01;5;Females;133829
midyear estimates;2017-07-01;2017-01-01;2018-01-01;10;Females;111541
midyear estimates;2017-07-01;2017-01-01;2018-01-01;15;Females;92944
midyear estimates;2017-07-01;2017-01-01;2018-01-01;20;Females;95873
midyear estimates;2017-07-01;2017-01-01;2018-01-01;25;Females;83207
midyear estimates;2017-07-01;2017-01-01;2018-01-01;30;Females;61202
midyear estimates;2017-07-01;2017-01-01;2018-01-01;35;Females;48842
midyear estimates;2017-07-01;2017-01-01;2018-01-01;40;Females;40244
midyear estimates;2017-07-01;2017-01-01;2018-01-01;45;Females;30316
midyear estimates;2017-07-01;2017-01-01;2018-01-01;50;Females;27531
midyear estimates;2017-07-01;2017-01-01;2018-01-01;55;Females;19630
midyear estimates;2017-07-01;2017-01-01;2018-01-01;60;Females;14803
midyear estimates;2017-07-01;2017-01-01;2018-01-01;65;Females;11353
midyear estimates;2017-07-01;2017-01-01;2018-01-01;70;Females;6877
midyear estimates;2017-07-01;2017-01-01;2018-01-01;75;Females;4437
midyear estimates;2017-07-01;2017-01-01;2018-01-01;80;Females;5638
midyear estimates;2018-07-01;2018-01-01;2019-01-01;0;Both;64792
midyear estimates;2018-07-01;2018-01-01;2019-01-01;1;Both;222606
midyear estimates;2018-07-01;2018-01-01;2019-01-01;5;Both;279497
midyear estimates;2018-07-01;2018-01-01;2019-01-01;10;Both;238059
midyear estimates;2018-07-01;2018-01-01;2019-01-01;15;Both;194078
midyear estimates;2018-07-01;2018-01-01;2019-01-01;20;Both;193993
midyear estimates;2018-07-01;2018-01-01;2019-01-01;25;Both;175411
midyear estimates;2018-07-01;2018-01-01;2019-01-01;30;Both;130058
midyear estimates;2018-07-01;2018-01-01;2019-01-01;35;Both;100553
midyear estimates;2018-07-01;2018-01-01;2019-01-01;40;Both;84157
midyear estimates;2018-07-01;2018-01-01;2019-01-01;45;Both;63951
midyear estimates;2018-07-01;2018-01-01;2019-01-01;50;Both;58329
midyear estimates;2018-07-01;2018-01-01;2019-01-01;55;Both;43212
midyear estimates;2018-07-01;2018-01-01;2019-01-01;60;Both;30410
midyear estimates;2018-07-01;2018-01-01;2019-01-01;65;Both;23135
midyear estimates;2018-07-01;2018-01-01;2019-01-01;70;Both;14141
midyear estimates;2018-07-01;2018-01-01;2019-01-01;75;Both;7793
midyear estimates;2018-07-01;2018-01-01;2019-01-01;80;Both;8668
midyear estimates;2018-07-01;2018-01-01;2019-01-01;0;Males;33001
midyear estimates;2018-07-01;2018-01-01;2019-01-01;1;Males;114002
midyear estimates;2018-07-01;2018-01-01;2019-01-01;5;Males;143047
midyear estimates;2018-07-01;2018-01-01;2019-01-01;10;Males;121845
midyear estimates;2018-07-01;2018-01-01;2019-01-01;15;Males;99385
midyear estimates;2018-07-01;2018-01-01;2019-01-01;20;Males;98465
midyear estimates;2018-07-01;2018-01-01;2019-01-01;25;Males;88628
midyear estimates;2018-07-01;2018-01-01;2019-01-01;30;Males;65016
midyear estimates;2018-07-01;2018-01-01;2019-01-01;35;Males;49913
midyear estimates;2018-07-01;2018-01-01;2019-01-01;40;Males;42218
midyear estimates;2018-07-01;2018-01-01;2019-01-01;45;Males;32291
midyear estimates;2018-07-01;2018-01-01;2019-01-01;50;Males;30207
midyear estimates;2018-07-01;2018-01-01;2019-01-01;55;Males;22228
midyear estimates;2018-07-01;2018-01-01;2019-01-01;60;Males;15046
midyear estimates;2018-07-01;2018-01-01;2019-01-01;65;Males;11288
midyear estimates;2018-07-01;2018-01-01;2019-01-01;70;Males;6740
midyear estimates;2018-07-01;2018-01-01;2019-01-01;75;Males;3291
midyear estimates;2018-07-01;2018-01-01;2019-01-01;80;Males;3180
midyear estimates;2018-07-01;2018-01-01;2019-01-01;0;Females;31791
midyear estimates;2018-07-01;2018-01-01;2019-01-01;1;Females;108604
midyear estimates;2018-07-01;2018-01-01;2019-01-01;5;Females;136450
midyear estimates;2018-07-01;2018-01-01;2019-01-01;10;Females;116214
midyear estimates;2018-07-01;2018-01-01;2019-01-01;15;Females;94693
midyear estimates;2018-07-01;2018-01-01;2019-01-01;20;Females;95528
midyear estimates;2018-07-01;2018-01-01;2019-01-01;25;Females;86783
midyear estimates;2018-07-01;2018-01-01;2019-01-01;30;Females;65042
midyear estimates;2018-07-01;2018-01-01;2019-01-01;35;Females;50640
midyear estimates;2018-07-01;2018-01-01;2019-01-01;40;Females;41939
midyear estimates;2018-07-01;2018-01-01;2019-01-01;45;Females;31660
midyear estimates;2018-07-01;2018-01-01;2019-01-01;50;Females;28122
midyear estimates;2018-07-01;2018-01-01;2019-01-01;55;Females;20984
midyear estimates;2018-07-01;2018-01-01;2019-01-01;60;Females;15364
midyear estimates;2018-07-01;2018-01-01;2019-01-01;65;Females;11847
midyear estimates;2018-07-01;2018-01-01;2019-01-01;70;Females;7401
midyear estimates;2018-07-01;2018-01-01;2019-01-01;75;Females;4502
midyear estimates;2018-07-01;2018-01-01;2019-01-01;80;Females;5488
midyear estimates;2019-07-01;2019-01-01;2020-01-01;0;Both;65859
midyear estimates;2019-07-01;2019-01-01;2020-01-01;1;Both;229448
midyear estimates;2019-07-01;2019-01-01;2020-01-01;5;Both;282761
midyear estimates;2019-07-01;2019-01-01;2020-01-01;10;Both;247584
midyear estimates;2019-07-01;2019-01-01;2020-01-01;15;Both;200150
midyear estimates;2019-07-01;2019-01-01;2020-01-01;20;Both;191742
midyear estimates;2019-07-01;2019-01-01;2020-01-01;25;Both;181871
midyear estimates;2019-07-01;2019-01-01;2020-01-01;30;Both;139111
midyear estimates;2019-07-01;2019-01-01;2020-01-01;35;Both;104305
midyear estimates;2019-07-01;2019-01-01;2020-01-01;40;Both;86988
midyear estimates;2019-07-01;2019-01-01;2020-01-01;45;Both;67470
midyear estimates;2019-07-01;2019-01-01;2020-01-01;50;Both;58421
midyear estimates;2019-07-01;2019-01-01;2020-01-01;55;Both;46612
midyear estimates;2019-07-01;2019-01-01;2020-01-01;60;Both;31776
midyear estimates;2019-07-01;2019-01-01;2020-01-01;65;Both;23865
midyear estimates;2019-07-01;2019-01-01;2020-01-01;70;Both;15357
midyear estimates;2019-07-01;2019-01-01;2020-01-01;75;Both;8177
midyear estimates;2019-07-01;2019-01-01;2020-01-01;80;Both;8473
midyear estimates;2019-07-01;2019-01-01;2020-01-01;0;Males;33545
midyear estimates;2019-07-01;2019-01-01;2020-01-01;1;Males;117312
midyear estimates;2019-07-01;2019-01-01;2020-01-01;5;Males;144666
midyear estimates;2019-07-01;2019-01-01;2020-01-01;10;Males;126680
midyear estimates;2019-07-01;2019-01-01;2020-01-01;15;Males;102474
midyear estimates;2019-07-01;2019-01-01;2020-01-01;20;Males;97484
midyear estimates;2019-07-01;2019-01-01;2020-01-01;25;Males;91919
midyear estimates;2019-07-01;2019-01-01;2020-01-01;30;Males;69720
midyear estimates;2019-07-01;2019-01-01;2020-01-01;35;Males;51763
midyear estimates;2019-07-01;2019-01-01;2020-01-01;40;Males;43496
midyear estimates;2019-07-01;2019-01-01;2020-01-01;45;Males;34006
midyear estimates;2019-07-01;2019-01-01;2020-01-01;50;Males;30075
midyear estimates;2019-07-01;2019-01-01;2020-01-01;55;Males;24064
midyear estimates;2019-07-01;2019-01-01;2020-01-01;60;Males;15807
midyear estimates;2019-07-01;2019-01-01;2020-01-01;65;Males;11597
midyear estimates;2019-07-01;2019-01-01;2020-01-01;70;Males;7351
midyear estimates;2019-07-01;2019-01-01;2020-01-01;75;Males;3586
midyear estimates;2019-07-01;2019-01-01;2020-01-01;80;Males;3087
midyear estimates;2019-07-01;2019-01-01;2020-01-01;0;Females;32314
midyear estimates;2019-07-01;2019-01-01;2020-01-01;1;Females;112136
midyear estimates;2019-07-01;2019-01-01;2020-01-01;5;Females;138095
midyear estimates;2019-07-01;2019-01-01;2020-01-01;10;Females;120904
midyear estimates;2019-07-01;2019-01-01;2020-01-01;15;Females;97676
midyear estimates;2019-07-01;2019-01-01;2020-01-01;20;Females;94258
midyear estimates;2019-07-01;2019-01-01;2020-01-01;25;Females;89952
midyear estimates;2019-07-01;2019-01-01;2020-01-01;30;Females;69391
midyear estimates;2019-07-01;2019-01-01;2020-01-01;35;Females;52542
midyear estimates;2019-07-01;2019-01-01;2020-01-01;40;Females;43492
midyear estimates;2019-07-01;2019-01-01;2020-01-01;45;Females;33464
midyear estimates;2019-07-01;2019-01-01;2020-01-01;50;Females;28346
midyear estimates;2019-07-01;2019-01-01;2020-01-01;55;Females;22548
midyear estimates;2019-07-01;2019-01-01;2020-01-01;60;Females;15969
midyear estimates;2019-07-01;2019-01-01;2020-01-01;65;Females;12268
midyear estimates;2019-07-01;2019-01-01;2020-01-01;70;Females;8006
midyear estimates;2019-07-01;2019-01-01;2020-01-01;75;Females;4591
midyear estimates;2019-07-01;2019-01-01;2020-01-01;80;Females;5386
midyear estimates;2020-07-01;2020-01-01;2021-01-01;0;Both;66867
midyear estimates;2020-07-01;2020-01-01;2021-01-01;1;Both;238159
midyear estimates;2020-07-01;2020-01-01;2021-01-01;5;Both;283763
midyear estimates;2020-07-01;2020-01-01;2021-01-01;10;Both;256713
midyear estimates;2020-07-01;2020-01-01;2021-01-01;15;Both;208117
midyear estimates;2020-07-01;2020-01-01;2021-01-01;20;Both;188971
midyear estimates;2020-07-01;2020-01-01;2021-01-01;25;Both;187076
midyear estimates;2020-07-01;2020-01-01;2021-01-01;30;Both;148661
midyear estimates;2020-07-01;2020-01-01;2021-01-01;35;Both;108653
midyear estimates;2020-07-01;2020-01-01;2021-01-01;40;Both;89662
midyear estimates;2020-07-01;2020-01-01;2021-01-01;45;Both;71594
midyear estimates;2020-07-01;2020-01-01;2021-01-01;50;Both;58193
midyear estimates;2020-07-01;2020-01-01;2021-01-01;55;Both;50030
midyear estimates;2020-07-01;2020-01-01;2021-01-01;60;Both;33375
midyear estimates;2020-07-01;2020-01-01;2021-01-01;65;Both;24537
midyear estimates;2020-07-01;2020-01-01;2021-01-01;70;Both;16606
midyear estimates;2020-07-01;2020-01-01;2021-01-01;75;Both;8597
midyear estimates;2020-07-01;2020-01-01;2021-01-01;80;Both;8395
midyear estimates;2020-07-01;2020-01-01;2021-01-01;0;Males;34059
midyear estimates;2020-07-01;2020-01-01;2021-01-01;1;Males;121578
midyear estimates;2020-07-01;2020-01-01;2021-01-01;5;Males;145137
midyear estimates;2020-07-01;2020-01-01;2021-01-01;10;Males;131314
midyear estimates;2020-07-01;2020-01-01;2021-01-01;15;Males;106495
midyear estimates;2020-07-01;2020-01-01;2021-01-01;20;Males;96254
midyear estimates;2020-07-01;2020-01-01;2021-01-01;25;Males;94563
midyear estimates;2020-07-01;2020-01-01;2021-01-01;30;Males;74690
midyear estimates;2020-07-01;2020-01-01;2021-01-01;35;Males;53947
midyear estimates;2020-07-01;2020-01-01;2021-01-01;40;Males;44685
midyear estimates;2020-07-01;2020-01-01;2021-01-01;45;Males;36050
midyear estimates;2020-07-01;2020-01-01;2021-01-01;50;Males;29744
midyear estimates;2020-07-01;2020-01-01;2021-01-01;55;Males;25884
midyear estimates;2020-07-01;2020-01-01;2021-01-01;60;Males;16707
midyear estimates;2020-07-01;2020-01-01;2021-01-01;65;Males;11884
midyear estimates;2020-07-01;2020-01-01;2021-01-01;70;Males;7964
midyear estimates;2020-07-01;2020-01-01;2021-01-01;75;Males;3860
midyear estimates;2020-07-01;2020-01-01;2021-01-01;80;Males;3085
midyear estimates;2020-07-01;2020-01-01;2021-01-01;0;Females;32808
midyear estimates;2020-07-01;2020-01-01;2021-01-01;1;Females;116581
midyear estimates;2020-07-01;2020-01-01;2021-01-01;5;Females;138626
midyear estimates;2020-07-01;2020-01-01;2021-01-01;10;Females;125399
midyear estimates;2020-07-01;2020-01-01;2021-01-01;15;Females;101622
midyear estimates;2020-07-01;2020-01-01;2021-01-01;20;Females;92717
midyear estimates;2020-07-01;2020-01-01;2021-01-01;25;Females;92513
midyear estimates;2020-07-01;2020-01-01;2021-01-01;30;Females;73971
midyear estimates;2020-07-01;2020-01-01;2021-01-01;35;Females;54706
midyear estimates;2020-07-01;2020-01-01;2021-01-01;40;Females;44977
midyear estimates;2020-07-01;2020-01-01;2021-01-01;45;Females;35544
midyear estimates;2020-07-01;2020-01-01;2021-01-01;50;Females;28449
midyear estimates;2020-07-01;2020-01-01;2021-01-01;55;Females;24146
midyear estimates;2020-07-01;2020-01-01;2021-01-01;60;Females;16668
midyear estimates;2020-07-01;2020-01-01;2021-01-01;65;Females;12653
midyear estimates;2020-07-01;2020-01-01;2021-01-01;70;Females;8642
midyear estimates;2020-07-01;2020-01-01;2021-01-01;75;Females;4737
midyear estimates;2020-07-01;2020-01-01;2021-01-01;80;Females;5310
midyear estimates;2021-07-01;2021-01-01;2022-01-01;0;Both;67799
midyear estimates;2021-07-01;2021-01-01;2022-01-01;1;Both;249290
midyear estimates;2021-07-01;2021-01-01;2022-01-01;5;Both;282240
midyear estimates;2021-07-01;2021-01-01;2022-01-01;10;Both;264972
midyear estimates;2021-07-01;2021-01-01;2022-01-01;15;Both;217129
midyear estimates;2021-07-01;2021-01-01;2022-01-01;20;Both;187405
midyear estimates;2021-07-01;2021-01-01;2022-01-01;25;Both;190604
midyear estimates;2021-07-01;2021-01-01;2022-01-01;30;Both;157911
midyear estimates;2021-07-01;2021-01-01;2022-01-01;35;Both;114002
midyear estimates;2021-07-01;2021-01-01;2022-01-01;40;Both;92462
midyear estimates;2021-07-01;2021-01-01;2022-01-01;45;Both;75708
midyear estimates;2021-07-01;2021-01-01;2022-01-01;50;Both;58431
midyear estimates;2021-07-01;2021-01-01;2022-01-01;55;Both;52917
midyear estimates;2021-07-01;2021-01-01;2022-01-01;60;Both;35316
midyear estimates;2021-07-01;2021-01-01;2022-01-01;65;Both;25304
midyear estimates;2021-07-01;2021-01-01;2022-01-01;70;Both;17747
midyear estimates;2021-07-01;2021-01-01;2022-01-01;75;Both;9129
midyear estimates;2021-07-01;2021-01-01;2022-01-01;80;Both;8379
midyear estimates;2021-07-01;2021-01-01;2022-01-01;0;Males;34534
midyear estimates;2021-07-01;2021-01-01;2022-01-01;1;Males;127072
midyear estimates;2021-07-01;2021-01-01;2022-01-01;5;Males;144335
midyear estimates;2021-07-01;2021-01-01;2022-01-01;10;Males;135502
midyear estimates;2021-07-01;2021-01-01;2022-01-01;15;Males;111037
midyear estimates;2021-07-01;2021-01-01;2022-01-01;20;Males;95615
midyear estimates;2021-07-01;2021-01-01;2022-01-01;25;Males;96377
midyear estimates;2021-07-01;2021-01-01;2022-01-01;30;Males;79497
midyear estimates;2021-07-01;2021-01-01;2022-01-01;35;Males;56673
midyear estimates;2021-07-01;2021-01-01;2022-01-01;40;Males;45953
midyear estimates;2021-07-01;2021-01-01;2022-01-01;45;Males;38077
midyear estimates;2021-07-01;2021-01-01;2022-01-01;50;Males;29659
midyear estimates;2021-07-01;2021-01-01;2022-01-01;55;Males;27383
midyear estimates;2021-07-01;2021-01-01;2022-01-01;60;Males;17788
midyear estimates;2021-07-01;2021-01-01;2022-01-01;65;Males;12240
midyear estimates;2021-07-01;2021-01-01;2022-01-01;70;Males;8512
midyear estimates;2021-07-01;2021-01-01;2022-01-01;75;Males;4161
midyear estimates;2021-07-01;2021-01-01;2022-01-01;80;Males;3130
midyear estimates;2021-07-01;2021-01-01;2022-01-01;0;Females;33265
midyear estimates;2021-07-01;2021-01-01;2022-01-01;1;Females;122218
midyear estimates;2021-07-01;2021-01-01;2022-01-01;5;Females;137905
midyear estimates;2021-07-01;2021-01-01;2022-01-01;10;Females;129470
midyear estimates;2021-07-01;2021-01-01;2022-01-01;15;Females;106092
midyear estimates;2021-07-01;2021-01-01;2022-01-01;20;Females;91790
midyear estimates;2021-07-01;2021-01-01;2022-01-01;25;Females;94227
midyear estimates;2021-07-01;2021-01-01;2022-01-01;30;Females;78414
midyear estimates;2021-07-01;2021-01-01;2022-01-01;35;Females;57329
midyear estimates;2021-07-01;2021-01-01;2022-01-01;40;Females;46509
midyear estimates;2021-07-01;2021-01-01;2022-01-01;45;Females;37631
midyear estimates;2021-07-01;2021-01-01;2022-01-01;50;Females;28772
midyear estimates;2021-07-01;2021-01-01;2022-01-01;55;Females;25534
midyear estimates;2021-07-01;2021-01-01;2022-01-01;60;Females;17528
midyear estimates;2021-07-01;2021-01-01;2022-01-01;65;Females;13064
midyear estimates;2021-07-01;2021-01-01;2022-01-01;70;Females;9235
midyear estimates;2021-07-01;2021-01-01;2022-01-01;75;Females;4968
midyear estimates;2021-07-01;2021-01-01;2022-01-01;80;Females;5249
midyear estimates;2022-07-01;2022-01-01;2023-01-01;0;Both;68715
midyear estimates;2022-07-01;2022-01-01;2023-01-01;1;Both;263478
midyear estimates;2022-07-01;2022-01-01;2023-01-01;5;Both;277887
midyear estimates;2022-07-01;2022-01-01;2023-01-01;10;Both;271922
midyear estimates;2022-07-01;2022-01-01;2023-01-01;15;Both;226473
midyear estimates;2022-07-01;2022-01-01;2023-01-01;20;Both;188265
midyear estimates;2022-07-01;2022-01-01;2023-01-01;25;Both;192300
midyear estimates;2022-07-01;2022-01-01;2023-01-01;30;Both;166207
midyear estimates;2022-07-01;2022-01-01;2023-01-01;35;Both;120587
midyear estimates;2022-07-01;2022-01-01;2023-01-01;40;Both;95624
midyear estimates;2022-07-01;2022-01-01;2023-01-01;45;Both;79387
midyear estimates;2022-07-01;2022-01-01;2023-01-01;50;Both;59673
midyear estimates;2022-07-01;2022-01-01;2023-01-01;55;Both;54933
midyear estimates;2022-07-01;2022-01-01;2023-01-01;60;Both;37645
midyear estimates;2022-07-01;2022-01-01;2023-01-01;65;Both;26261
midyear estimates;2022-07-01;2022-01-01;2023-01-01;70;Both;18705
midyear estimates;2022-07-01;2022-01-01;2023-01-01;75;Both;9811
midyear estimates;2022-07-01;2022-01-01;2023-01-01;80;Both;8396
midyear estimates;2022-07-01;2022-01-01;2023-01-01;0;Males;35001
midyear estimates;2022-07-01;2022-01-01;2023-01-01;1;Males;134114
midyear estimates;2022-07-01;2022-01-01;2023-01-01;5;Males;142111
midyear estimates;2022-07-01;2022-01-01;2023-01-01;10;Males;139014
midyear estimates;2022-07-01;2022-01-01;2023-01-01;15;Males;115758
midyear estimates;2022-07-01;2022-01-01;2023-01-01;20;Males;96161
midyear estimates;2022-07-01;2022-01-01;2023-01-01;25;Males;97304
midyear estimates;2022-07-01;2022-01-01;2023-01-01;30;Males;83790
midyear estimates;2022-07-01;2022-01-01;2023-01-01;35;Males;60057
midyear estimates;2022-07-01;2022-01-01;2023-01-01;40;Males;47437
midyear estimates;2022-07-01;2022-01-01;2023-01-01;45;Males;39851
midyear estimates;2022-07-01;2022-01-01;2023-01-01;50;Males;30123
midyear estimates;2022-07-01;2022-01-01;2023-01-01;55;Males;28377
midyear estimates;2022-07-01;2022-01-01;2023-01-01;60;Males;19062
midyear estimates;2022-07-01;2022-01-01;2023-01-01;65;Males;12724
midyear estimates;2022-07-01;2022-01-01;2023-01-01;70;Males;8952
midyear estimates;2022-07-01;2022-01-01;2023-01-01;75;Males;4518
midyear estimates;2022-07-01;2022-01-01;2023-01-01;80;Males;3199
midyear estimates;2022-07-01;2022-01-01;2023-01-01;0;Females;33714
midyear estimates;2022-07-01;2022-01-01;2023-01-01;1;Females;129364
midyear estimates;2022-07-01;2022-01-01;2023-01-01;5;Females;135776
midyear estimates;2022-07-01;2022-01-01;2023-01-01;10;Females;132908
midyear estimates;2022-07-01;2022-01-01;2023-01-01;15;Females;110715
midyear estimates;2022-07-01;2022-01-01;2023-01-01;20;Females;92104
midyear estimates;2022-07-01;2022-01-01;2023-01-01;25;Females;94996
midyear estimates;2022-07-01;2022-01-01;2023-01-01;30;Females;82417
midyear estimates;2022-07-01;2022-01-01;2023-01-01;35;Females;60530
midyear estimates;2022-07-01;2022-01-01;2023-01-01;40;Females;48187
midyear estimates;2022-07-01;2022-01-01;2023-01-01;45;Females;39536
midyear estimates;2022-07-01;2022-01-01;2023-01-01;50;Females;29550
midyear estimates;2022-07-01;2022-01-01;2023-01-01;55;Females;26556
midyear estimates;2022-07-01;2022-01-01;2023-01-01;60;Females;18583
midyear estimates;2022-07-01;2022-01-01;2023-01-01;65;Females;13537
midyear estimates;2022-07-01;2022-01-01;2023-01-01;70;Females;9753
midyear estimates;2022-07-01;2022-01-01;2023-01-01;75;Females;5293
midyear estimates;2022-07-01;2022-01-01;2023-01-01;80;Females;5197
midyear estimates;2023-07-01;2023-01-01;2024-01-01;0;Both;69645
midyear estimates;2023-07-01;2023-01-01;2024-01-01;1;Both;267412
midyear estimates;2023-07-01;2023-01-01;2024-01-01;5;Both;284458
midyear estimates;2023-07-01;2023-01-01;2024-01-01;10;Both;277192
midyear estimates;2023-07-01;2023-01-01;2024-01-01;15;Both;235937
midyear estimates;2023-07-01;2023-01-01;2024-01-01;20;Both;191927
midyear estimates;2023-07-01;2023-01-01;2024-01-01;25;Both;191849
midyear estimates;2023-07-01;2023-01-01;2024-01-01;30;Both;173548
midyear estimates;2023-07-01;2023-01-01;2024-01-01;35;Both;128512
midyear estimates;2023-07-01;2023-01-01;2024-01-01;40;Both;99086
midyear estimates;2023-07-01;2023-01-01;2024-01-01;45;Both;82531
midyear estimates;2023-07-01;2023-01-01;2024-01-01;50;Both;62136
midyear estimates;2023-07-01;2023-01-01;2024-01-01;55;Both;55888
midyear estimates;2023-07-01;2023-01-01;2024-01-01;60;Both;40470
midyear estimates;2023-07-01;2023-01-01;2024-01-01;65;Both;27384
midyear estimates;2023-07-01;2023-01-01;2024-01-01;70;Both;19463
midyear estimates;2023-07-01;2023-01-01;2024-01-01;75;Both;10643
midyear estimates;2023-07-01;2023-01-01;2024-01-01;80;Both;8463
midyear estimates;2023-07-01;2023-01-01;2024-01-01;0;Males;35475
midyear estimates;2023-07-01;2023-01-01;2024-01-01;1;Males;136120
midyear estimates;2023-07-01;2023-01-01;2024-01-01;5;Males;145276
midyear estimates;2023-07-01;2023-01-01;2024-01-01;10;Males;141660
midyear estimates;2023-07-01;2023-01-01;2024-01-01;15;Males;120553
midyear estimates;2023-07-01;2023-01-01;2024-01-01;20;Males;98073
midyear estimates;2023-07-01;2023-01-01;2024-01-01;25;Males;97192
midyear estimates;2023-07-01;2023-01-01;2024-01-01;30;Males;87562
midyear estimates;2023-07-01;2023-01-01;2024-01-01;35;Males;64156
midyear estimates;2023-07-01;2023-01-01;2024-01-01;40;Males;49109
midyear estimates;2023-07-01;2023-01-01;2024-01-01;45;Males;41317
midyear estimates;2023-07-01;2023-01-01;2024-01-01;50;Males;31260
midyear estimates;2023-07-01;2023-01-01;2024-01-01;55;Males;28753
midyear estimates;2023-07-01;2023-01-01;2024-01-01;60;Males;20588
midyear estimates;2023-07-01;2023-01-01;2024-01-01;65;Males;13323
midyear estimates;2023-07-01;2023-01-01;2024-01-01;70;Males;9282
midyear estimates;2023-07-01;2023-01-01;2024-01-01;75;Males;4934
midyear estimates;2023-07-01;2023-01-01;2024-01-01;80;Males;3293
midyear estimates;2023-07-01;2023-01-01;2024-01-01;0;Females;34170
midyear estimates;2023-07-01;2023-01-01;2024-01-01;1;Females;131292
midyear estimates;2023-07-01;2023-01-01;2024-01-01;5;Females;139182
midyear estimates;2023-07-01;2023-01-01;2024-01-01;10;Females;135532
midyear estimates;2023-07-01;2023-01-01;2024-01-01;15;Females;115384
midyear estimates;2023-07-01;2023-01-01;2024-01-01;20;Females;93854
midyear estimates;2023-07-01;2023-01-01;2024-01-01;25;Females;94657
midyear estimates;2023-07-01;2023-01-01;2024-01-01;30;Females;85986
midyear estimates;2023-07-01;2023-01-01;2024-01-01;35;Females;64356
midyear estimates;2023-07-01;2023-01-01;2024-01-01;40;Females;49977
midyear estimates;2023-07-01;2023-01-01;2024-01-01;45;Females;41214
midyear estimates;2023-07-01;2023-01-01;2024-01-01;50;Females;30876
midyear estimates;2023-07-01;2023-01-01;2024-01-01;55;Females;27135
midyear estimates;2023-07-01;2023-01-01;2024-01-01;60;Females;19882
midyear estimates;2023-07-01;2023-01-01;2024-01-01;65;Females;14061
midyear estimates;2023-07-01;2023-01-01;2024-01-01;70;Females;10181
midyear estimates;2023-07-01;2023-01-01;2024-01-01;75;Females;5709
midyear estimates;2023-07-01;2023-01-01;2024-01-01;80;Females;5170
midyear estimates;2024-07-01;2024-01-01;2025-01-01;0;Both;70581
midyear estimates;2024-07-01;2024-01-01;2025-01-01;1;Both;271209
midyear estimates;2024-07-01;2024-01-01;2025-01-01;5;Both;292363
midyear estimates;2024-07-01;2024-01-01;2025-01-01;10;Both;280456
midyear estimates;2024-07-01;2024-01-01;2025-01-01;15;Both;245457
midyear estimates;2024-07-01;2024-01-01;2025-01-01;20;Both;197989
midyear estimates;2024-07-01;2024-01-01;2025-01-01;25;Both;189619
midyear estimates;2024-07-01;2024-01-01;2025-01-01;30;Both;179995
midyear estimates;2024-07-01;2024-01-01;2025-01-01;35;Both;137532
midyear estimates;2024-07-01;2024-01-01;2025-01-01;40;Both;102821
midyear estimates;2024-07-01;2024-01-01;2025-01-01;45;Both;85338
midyear estimates;2024-07-01;2024-01-01;2025-01-01;50;Both;65600
midyear estimates;2024-07-01;2024-01-01;2025-01-01;55;Both;55990
midyear estimates;2024-07-01;2024-01-01;2025-01-01;60;Both;43691
midyear estimates;2024-07-01;2024-01-01;2025-01-01;65;Both;28640
midyear estimates;2024-07-01;2024-01-01;2025-01-01;70;Both;20099
midyear estimates;2024-07-01;2024-01-01;2025-01-01;75;Both;11574
midyear estimates;2024-07-01;2024-01-01;2025-01-01;80;Both;8604
midyear estimates;2024-07-01;2024-01-01;2025-01-01;0;Males;35953
midyear estimates;2024-07-01;2024-01-01;2025-01-01;1;Males;138055
midyear estimates;2024-07-01;2024-01-01;2025-01-01;5;Males;149130
midyear estimates;2024-07-01;2024-01-01;2025-01-01;10;Males;143278
midyear estimates;2024-07-01;2024-01-01;2025-01-01;15;Males;125384
midyear estimates;2024-07-01;2024-01-01;2025-01-01;20;Males;101157
midyear estimates;2024-07-01;2024-01-01;2025-01-01;25;Males;96222
midyear estimates;2024-07-01;2024-01-01;2025-01-01;30;Males;90845
midyear estimates;2024-07-01;2024-01-01;2025-01-01;35;Males;68843
midyear estimates;2024-07-01;2024-01-01;2025-01-01;40;Males;50950
midyear estimates;2024-07-01;2024-01-01;2025-01-01;45;Males;42585
midyear estimates;2024-07-01;2024-01-01;2025-01-01;50;Males;32945
midyear estimates;2024-07-01;2024-01-01;2025-01-01;55;Males;28634
midyear estimates;2024-07-01;2024-01-01;2025-01-01;60;Males;22311
midyear estimates;2024-07-01;2024-01-01;2025-01-01;65;Males;14013
midyear estimates;2024-07-01;2024-01-01;2025-01-01;70;Males;9545
midyear estimates;2024-07-01;2024-01-01;2025-01-01;75;Males;5391
midyear estimates;2024-07-01;2024-01-01;2025-01-01;80;Males;3418
midyear estimates;2024-07-01;2024-01-01;2025-01-01;0;Females;34628
midyear estimates;2024-07-01;2024-01-01;2025-01-01;1;Females;133154
midyear estimates;2024-07-01;2024-01-01;2025-01-01;5;Females;143233
midyear estimates;2024-07-01;2024-01-01;2025-01-01;10;Females;137178
midyear estimates;2024-07-01;2024-01-01;2025-01-01;15;Females;120073
midyear estimates;2024-07-01;2024-01-01;2025-01-01;20;Females;96832
midyear estimates;2024-07-01;2024-01-01;2025-01-01;25;Females;93397
midyear estimates;2024-07-01;2024-01-01;2025-01-01;30;Females;89150
midyear estimates;2024-07-01;2024-01-01;2025-01-01;35;Females;68689
midyear estimates;2024-07-01;2024-01-01;2025-01-01;40;Females;51871
midyear estimates;2024-07-01;2024-01-01;2025-01-01;45;Females;42753
midyear estimates;2024-07-01;2024-01-01;2025-01-01;50;Females;32655
midyear estimates;2024-07-01;2024-01-01;2025-01-01;55;Females;27356
midyear estimates;2024-07-01;2024-01-01;2025-01-01;60;Females;21380
midyear estimates;2024-07-01;2024-01-01;2025-01-01;65;Females;14627
midyear estimates;2024-07-01;2024-01-01;2025-01-01;70;Females;10554
midyear estimates;2024-07-01;2024-01-01;2025-01-01;75;Females;6183
midyear estimates;2024-07-01;2024-01-01;2025-01-01;80;Females;5186
midyear estimates;2025-07-01;2025-01-01;2026-01-01;0;Both;71523
midyear estimates;2025-07-01;2025-01-01;2026-01-01;1;Both;274933
midyear estimates;2025-07-01;2025-01-01;2026-01-01;5;Both;302076
midyear estimates;2025-07-01;2025-01-01;2026-01-01;10;Both;281469
midyear estimates;2025-07-01;2025-01-01;2026-01-01;15;Both;254574
midyear estimates;2025-07-01;2025-01-01;2026-01-01;20;Both;205946
midyear estimates;2025-07-01;2025-01-01;2026-01-01;25;Both;186874
midyear estimates;2025-07-01;2025-01-01;2026-01-01;30;Both;185191
midyear estimates;2025-07-01;2025-01-01;2026-01-01;35;Both;147042
midyear estimates;2025-07-01;2025-01-01;2026-01-01;40;Both;107150
midyear estimates;2025-07-01;2025-01-01;2026-01-01;45;Both;87996
midyear estimates;2025-07-01;2025-01-01;2026-01-01;50;Both;69653
midyear estimates;2025-07-01;2025-01-01;2026-01-01;55;Both;55787
midyear estimates;2025-07-01;2025-01-01;2026-01-01;60;Both;46935
midyear estimates;2025-07-01;2025-01-01;2026-01-01;65;Both;30104
midyear estimates;2025-07-01;2025-01-01;2026-01-01;70;Both;20688
midyear estimates;2025-07-01;2025-01-01;2026-01-01;75;Both;12528
midyear estimates;2025-07-01;2025-01-01;2026-01-01;80;Both;8832
midyear estimates;2025-07-01;2025-01-01;2026-01-01;0;Males;36433
midyear estimates;2025-07-01;2025-01-01;2026-01-01;1;Males;139955
midyear estimates;2025-07-01;2025-01-01;2026-01-01;5;Males;153908
midyear estimates;2025-07-01;2025-01-01;2026-01-01;10;Males;143755
midyear estimates;2025-07-01;2025-01-01;2026-01-01;15;Males;130009
midyear estimates;2025-07-01;2025-01-01;2026-01-01;20;Males;105170
midyear estimates;2025-07-01;2025-01-01;2026-01-01;25;Males;95007
midyear estimates;2025-07-01;2025-01-01;2026-01-01;30;Males;93485
midyear estimates;2025-07-01;2025-01-01;2026-01-01;35;Males;73791
midyear estimates;2025-07-01;2025-01-01;2026-01-01;40;Males;53126
midyear estimates;2025-07-01;2025-01-01;2026-01-01;45;Males;43767
midyear estimates;2025-07-01;2025-01-01;2026-01-01;50;Males;34951
midyear estimates;2025-07-01;2025-01-01;2026-01-01;55;Males;28323
midyear estimates;2025-07-01;2025-01-01;2026-01-01;60;Males;24023
midyear estimates;2025-07-01;2025-01-01;2026-01-01;65;Males;14826
midyear estimates;2025-07-01;2025-01-01;2026-01-01;70;Males;9793
midyear estimates;2025-07-01;2025-01-01;2026-01-01;75;Males;5847
midyear estimates;2025-07-01;2025-01-01;2026-01-01;80;Males;3579
midyear estimates;2025-07-01;2025-01-01;2026-01-01;0;Females;35090
midyear estimates;2025-07-01;2025-01-01;2026-01-01;1;Females;134978
midyear estimates;2025-07-01;2025-01-01;2026-01-01;5;Females;148168
midyear estimates;2025-07-01;2025-01-01;2026-01-01;10;Females;137714
midyear estimates;2025-07-01;2025-01-01;2026-01-01;15;Females;124565
midyear estimates;2025-07-01;2025-01-01;2026-01-01;20;Females;100776
midyear estimates;2025-07-01;2025-01-01;2026-01-01;25;Females;91867
midyear estimates;2025-07-01;2025-01-01;2026-01-01;30;Females;91706
midyear estimates;2025-07-01;2025-01-01;2026-01-01;35;Females;73251
midyear estimates;2025-07-01;2025-01-01;2026-01-01;40;Females;54024
midyear estimates;2025-07-01;2025-01-01;2026-01-01;45;Females;44229
midyear estimates;2025-07-01;2025-01-01;2026-01-01;50;Females;34702
midyear estimates;2025-07-01;2025-01-01;2026-01-01;55;Females;27464
midyear estimates;2025-07-01;2025-01-01;2026-01-01;60;Females;22912
midyear estimates;2025-07-01;2025-01-01;2026-01-01;65;Females;15278
midyear estimates;2025-07-01;2025-01-01;2026-01-01;70;Females;10895
midyear estimates;2025-07-01;2025-01-01;2026-01-01;75;Females;6681
midyear estimates;2025-07-01;2025-01-01;2026-01-01;80;Females;5253
